Device Name,URL
ZTE nubia RedMagic 11 Pro+,https://www.gsmarena.com/zte_nubia_redmagic_11_pro+_5g-14238.php
Honor Magic8 Pro,https://www.gsmarena.com/honor_magic8_pro_5g-14231.php
Oppo Find X9 Pro,https://www.gsmarena.com/oppo_find_x9_pro-14094.php
Oppo Find X9,https://www.gsmarena.com/oppo_find_x9_5g-14235.php
ZTE nubia RedMagic 11 Pro,https://www.gsmarena.com/zte_nubia_redmagic_11_pro_5g-14239.php
Huawei nova 14 Lite,https://www.gsmarena.com/huawei_nova_14_lite_5g-14241.php
Huawei nova Flip S,https://www.gsmarena.com/huawei_nova_flip_s_5g-14240.php
OnePlus 15,https://www.gsmarena.com/oneplus_15_5g-14206.php
Apple iPad Pro 13 (2025),https://www.gsmarena.com/apple_ipad_pro_13_5g_(2025)-14233.php
vivo iQOO 15,https://www.gsmarena.com/vivo_iqoo_15_5g-14198.php
Tecno Megapad Pro,https://www.gsmarena.com/tecno_megapad_pro-14244.php
Honor MagicPad 3 Pro,https://www.gsmarena.com/honor_magicpad_3_pro-14243.php
Honor Watch 5 Pro,https://www.gsmarena.com/honor_watch_5_pro-14242.php
Realme GT8 Pro (China),https://www.gsmarena.com/realme_gt8_pro_5g_(china)-14245.php
Realme GT8 (China),https://www.gsmarena.com/realme_gt8_5g_(china)-14246.php
ZTE nubia Z80 Ultra,https://www.gsmarena.com/zte_nubia_z80_ultra_5g-14247.php
Oppo F31,https://www.gsmarena.com/oppo_f31_5g-14248.php
Acer Acerone Liquid S262F5,https://www.gsmarena.com/acer_acerone_liquid_s262f5_5g-14250.php
Xiaomi Redmi K90 Pro Max,https://www.gsmarena.com/xiaomi_redmi_k90_pro_max_5g-14252.php
Honor Play10A,https://www.gsmarena.com/honor_play10a-14253.php
Honor X5c,https://www.gsmarena.com/honor_x5c-14251.php
Oukitel C69,https://www.gsmarena.com/oukitel_c69-14254.php
Oukitel P1 Pro,https://www.gsmarena.com/oukitel_p1_pro-14255.php
OnePlus Ace 6,https://www.gsmarena.com/oneplus_ace_6_5g-14259.php
OnePlus Turbo,https://www.gsmarena.com/oneplus_turbo_5g-14260.php
Nothing Phone (3a) Lite,https://www.gsmarena.com/nothing_phone_(3a)_lite_5g-14267.php
Motorola Edge 70,https://www.gsmarena.com/motorola_edge_70_5g-14216.php
Motorola Moto G67 Power,https://www.gsmarena.com/motorola_moto_g67_power_5g-14266.php
vivo iQOO Neo11 (China),https://www.gsmarena.com/vivo_iqoo_neo11_5g_(china)-14268.php
Ulefone Armor Pad 5 Ultra,https://www.gsmarena.com/ulefone_armor_pad_5_ultra_5g-14269.php
ZTE nubia RedMagic 11 Pro,https://www.gsmarena.com/zte_nubia_redmagic_11_pro_5g_int-14277.php
vivo Y19s,https://www.gsmarena.com/vivo_y19s_5g-14276.php
Realme C85,https://www.gsmarena.com/realme_c85_5g-14274.php
Realme C85 Pro,https://www.gsmarena.com/realme_c85_pro-14275.php
vivo Y500 Pro,https://www.gsmarena.com/vivo_y500_pro_5g_(china)-14278.php
Wiko T30,https://www.gsmarena.com/wiko_t30_5g-14279.php
Motorola Moto G57 Power,https://www.gsmarena.com/motorola_moto_g57_power_5g-14282.php
Xiaomi Redmi K90,https://www.gsmarena.com/xiaomi_redmi_k90_5g-14280.php
Xiaomi Redmi Watch 6,https://www.gsmarena.com/xiaomi_redmi_watch_6-14281.php
Motorola Moto G (2026),https://www.gsmarena.com/motorola_moto_g_5g_(2026)-14138.php
Motorola Moto G Play (2026),https://www.gsmarena.com/motorola_moto_g_play_5g_(2026)-14139.php
Huawei Mate 70 Air,https://www.gsmarena.com/huawei_mate_70_air_5g-14283.php
Motorola Moto G57,https://www.gsmarena.com/motorola_moto_g57_5g-14284.php
Oppo Reno15 Pro,https://www.gsmarena.com/oppo_reno15_pro_5g-14286.php
Xiaomi Poco Pad M1,https://www.gsmarena.com/xiaomi_poco_pad_m1-14285.php
Cubot Note 60,https://www.gsmarena.com/cubot_note_60-14287.php
ZTE Blade A76 4G,https://www.gsmarena.com/zte_blade_a76-14290.php
Oppo Reno15,https://www.gsmarena.com/oppo_reno15_5g-14288.php
Sharp Aquos sense10,https://www.gsmarena.com/sharp_aquos_sense10_5g-14289.php
ZTE Blade V80 Design,https://www.gsmarena.com/zte_blade_v80_design-14291.php
Samsung Galaxy Z TriFold,https://www.gsmarena.com/samsung_galaxy_z_trifold_5g-14292.php
Honor 500 Pro (China),https://www.gsmarena.com/honor_500_pro_5g_(china)-14294.php
TCL NxtPaper 11 Gen 2,https://www.gsmarena.com/tcl_nxtpaper_11_gen_2-14295.php
Oppo Reno15 Pro Max,https://www.gsmarena.com/oppo_reno15_pro_max_5g-14220.php
Honor 500,https://www.gsmarena.com/honor_500_5g-14296.php
Acer Iconia V12,https://www.gsmarena.com/acer_iconia_v12-14298.php
Acer Iconia V11,https://www.gsmarena.com/acer_iconia_v11-14297.php
Xiaomi Poco F8 Ultra,https://www.gsmarena.com/xiaomi_poco_f8_ultra_5g-14301.php
Xiaomi Poco F8 Pro,https://www.gsmarena.com/xiaomi_poco_f8_pro_5g-14303.php
Lava Agni 4,https://www.gsmarena.com/lava_agni_4_5g-14304.php
Honor GT 2 Pro,https://www.gsmarena.com/honor_gt_2_pro_5g-14302.php
ZTE Blade V80 Pro,https://www.gsmarena.com/zte_blade_v80_pro-14305.php
Xiaomi Poco Pad X1,https://www.gsmarena.com/xiaomi_poco_pad_x1-14306.php
Xiaomi Black Shark Pad 7 Pro,https://www.gsmarena.com/xiaomi_black_shark_pad_7_pro-14308.php
Xiaomi Black Shark Pad 7,https://www.gsmarena.com/xiaomi_black_shark_pad_7-14307.php
Xiaomi Black Shark GS3 Ultra,https://www.gsmarena.com/xiaomi_black_shark_gs3_ultra-14309.php
Huawei Mate X7,https://www.gsmarena.com/huawei_mate_x7_5g-14314.php
Huawei Mate 80 RS Ultimate,https://www.gsmarena.com/huawei_mate_80_rs_ultimate_5g-14313.php
Huawei Mate 80 Pro Max,https://www.gsmarena.com/huawei_mate_80_pro_max_5g-14310.php
OnePlus Ace 6T,https://www.gsmarena.com/oneplus_ace_6t_5g-14315.php
Huawei MatePad Edge,https://www.gsmarena.com/huawei_matepad_edge-14316.php
Huawei Mate 80 Pro,https://www.gsmarena.com/huawei_mate_80_pro_5g-14311.php
Huawei Mate 80,https://www.gsmarena.com/huawei_mate_80_5g-14312.php
Realme 15,https://www.gsmarena.com/realme_15_5g_(global)-14318.php
Honor Watch X5,https://www.gsmarena.com/honor_watch_x5-14317.php
Samsung Galaxy S26 Ultra,https://www.gsmarena.com/samsung_galaxy_s26_ultra_5g-14320.php
alcatel A62,https://www.gsmarena.com/alcatel_a62-14319.php
ZTE Nubia Fold,https://www.gsmarena.com/zte_nubia_fold_5g-14324.php
Xiaomi Redmi Note 15 4G,https://www.gsmarena.com/xiaomi_redmi_note_15-14323.php
Oppo A6x,https://www.gsmarena.com/oppo_a6x_5g-14321.php
Oppo A6x 4G,https://www.gsmarena.com/oppo_a6x-14322.php
Xiaomi Redmi Note 15 Pro+,https://www.gsmarena.com/xiaomi_redmi_note_15_pro+_5g_(global)-14326.php
Xiaomi Redmi Note 15 Pro,https://www.gsmarena.com/xiaomi_redmi_note_15_pro_5g_(global)-14327.php
Xiaomi Redmi Note 15,https://www.gsmarena.com/xiaomi_redmi_note_15_5g_(global)-14328.php
ZTE nubia Flip3,https://www.gsmarena.com/zte_nubia_flip3_5g-14325.php
Xiaomi Poco C85,https://www.gsmarena.com/xiaomi_poco_c85_5g-14337.php
Xiaomi Redmi Note 15 Pro 4G,https://www.gsmarena.com/xiaomi_redmi_note_15_pro_(global)-14330.php
Realme P4x,https://www.gsmarena.com/realme_p4x_5g-14329.php
Ulefone RugKing 4 Pro,https://www.gsmarena.com/ulefone_rugking_4_pro-14340.php
Jolla Phone,https://www.gsmarena.com/jolla_phone_5g-14342.php
Honor Magic8 Lite,https://www.gsmarena.com/honor_magic8_lite_5g-14341.php
OnePlus Pad Go 2,https://www.gsmarena.com/oneplus_pad_go_2_5g-14343.php
Realme Narzo 90,https://www.gsmarena.com/realme_narzo_90_5g-14345.php
Realme Narzo 90X,https://www.gsmarena.com/realme_narzo_90x_5g-14346.php
Lava Play Max,https://www.gsmarena.com/lava_play_max_5g-14344.php
Oppo Reno 15c,https://www.gsmarena.com/oppo_reno_15c_5g-14347.php
itel VistaTab 30 Pro,https://www.gsmarena.com/itel_vistatab_30_pro-14350.php
HMD 100,https://www.gsmarena.com/hmd_100-14348.php
HMD 101,https://www.gsmarena.com/hmd_101-14349.php
Honor X8d,https://www.gsmarena.com/honor_x8d-14351.php
itel VistaTab 30GT,https://www.gsmarena.com/itel_vistatab_30gt-14352.php
ZTE Pad,https://www.gsmarena.com/zte_pad_5g_x1102n-14354.php
vivo S50,https://www.gsmarena.com/vivo_s50_5g-14353.php
itel VistaTab 10 mini,https://www.gsmarena.com/itel_vistatab_10_mini-14355.php
vivo S50 Pro mini,https://www.gsmarena.com/vivo_s50_pro_mini_5g-14356.php
Honor Play 60A,https://www.gsmarena.com/honor_play_60a_5g-14357.php
Motorola Moto G Power (2026),https://www.gsmarena.com/motorola_moto_g_power_5g_(2026)-14359.php
OnePlus 15R,https://www.gsmarena.com/oneplus_15r_5g-14358.php
Realme 16 Pro+,https://www.gsmarena.com/realme_16_pro+_5g-14363.php
Honor Power 2,https://www.gsmarena.com/honor_power_2_5g-14364.php
Motorola Edge 70 Ultra,https://www.gsmarena.com/motorola_edge_70_ultra_5g-14362.php
Apple iPhone Fold,https://www.gsmarena.com/apple_iphone_fold_5g-13804.php
OnePlus Watch 3 Lite,https://www.gsmarena.com/oneplus_watch_3_lite-14365.php
vivo X200T,https://www.gsmarena.com/vivo_x200t_5g-14366.php
Huawei nova 15 Ultra,https://www.gsmarena.com/huawei_nova_15_ultra_5g-14370.php
Huawei nova 15 Pro,https://www.gsmarena.com/huawei_nova_15_pro_5g-14371.php
Oppo Reno15 FS,https://www.gsmarena.com/oppo_reno15_fs_5g-14373.php
Huawei nova 15,https://www.gsmarena.com/huawei_nova_15_5g-14372.php
itel Zeno 20 Max,https://www.gsmarena.com/itel_zeno_20_max-14374.php
Xiaomi 17 Ultra,https://www.gsmarena.com/xiaomi_17_ultra_5g-14380.php
Honor Win,https://www.gsmarena.com/honor_win_5g-14377.php
Honor Win RT,https://www.gsmarena.com/honor_win_rt_5g-14376.php
Samsung Galaxy A57,https://www.gsmarena.com/samsung_galaxy_a57_5g-14379.php
Samsung Galaxy A37,https://www.gsmarena.com/samsung_galaxy_a37_5g-14378.php
Huawei MatePad 11.5 (2026),https://www.gsmarena.com/huawei_matepad_11_5_(2026)-14375.php
Xiaomi Watch 5,https://www.gsmarena.com/xiaomi_watch_5-14383.php
Oppo Pad Air5,https://www.gsmarena.com/oppo_pad_air5-14382.php
RugOne Xever 7 Pro,https://www.gsmarena.com/rugone_xever_7_pro_5g-14386.php
OnePlus 15T,https://www.gsmarena.com/oneplus_15t_5g-14385.php
Tecno Pova Curve 2,https://www.gsmarena.com/tecno_pova_curve_2_5g-14384.php
vivo X300 Ultra,https://www.gsmarena.com/vivo_x300_ultra_5g-14388.php
Oppo Find N6,https://www.gsmarena.com/oppo_find_n6_5g-14389.php
Xiaomi Poco M8 Pro,https://www.gsmarena.com/xiaomi_poco_m8_pro_5g-14390.php
vivo iQOO Z11 Turbo,https://www.gsmarena.com/vivo_iqoo_z11_turbo_5g-14392.php
Xiaomi Poco M8,https://www.gsmarena.com/xiaomi_poco_m8_5g-14391.php
RugOne Xever 7,https://www.gsmarena.com/rugone_xever_7_5g-14387.php
Oppo Reno15 Pro,https://www.gsmarena.com/oppo_reno15_pro_5g_(global)-14394.php
Oppo Reno15,https://www.gsmarena.com/oppo_reno15_5g_(global)-14395.php
Oppo Reno15 F,https://www.gsmarena.com/oppo_reno15_f_5g-14396.php
Oppo Reno15 Pro Mini,https://www.gsmarena.com/oppo_reno15_pro_mini_5g-14393.php
Oppo A6 Pro (India),https://www.gsmarena.com/oppo_a6_pro_5g_(india)-14399.php
TCL NxtPaper 70 Pro,https://www.gsmarena.com/tcl_nxtpaper_70_pro_5g-14398.php
Motorola Signature,https://www.gsmarena.com/motorola_signature_5g-14397.php
Realme 16 Pro,https://www.gsmarena.com/realme_16_pro_5g-14400.php
Realme Pad 3,https://www.gsmarena.com/realme_pad_3_5g-14401.php
Motorola Razr Fold,https://www.gsmarena.com/motorola_razr_fold_5g-14402.php
Motorola Moto Watch,https://www.gsmarena.com/motorola_moto_watch-14403.php
OnePlus Turbo 6V,https://www.gsmarena.com/oneplus_turbo_6v_5g-14404.php
OnePlus Turbo 6,https://www.gsmarena.com/oneplus_turbo_6_5g-14260.php
Honor Magic8 Pro Air,https://www.gsmarena.com/honor_magic8_pro_air_5g-14405.php
Oppo Reno15 Pro (India),https://www.gsmarena.com/oppo_reno15_pro_5g_(india)-14406.php
Realme Neo8,https://www.gsmarena.com/realme_neo8_5g-14408.php
vivo Y500i,https://www.gsmarena.com/vivo_y500i_5g-14407.php
Samsung Galaxy A07,https://www.gsmarena.com/samsung_galaxy_a07_5g-14409.php
Oppo A6,https://www.gsmarena.com/oppo_a6_5g-14412.php
Oppo A6s,https://www.gsmarena.com/oppo_a6s_5g-14410.php
Oppo A6s 4G,https://www.gsmarena.com/oppo_a6s-14411.php
Oppo A6 4G,https://www.gsmarena.com/oppo_a6-14413.php
Oppo A6x,https://www.gsmarena.com/oppo_a6x_5g_(global)-14414.php
Oppo A6t Pro 4G,https://www.gsmarena.com/oppo_a6t_pro-14415.php
Oppo A6t,https://www.gsmarena.com/oppo_a6t_5g-14417.php
Oppo A6t 4G,https://www.gsmarena.com/oppo_a6t-14416.php
Realme 16,https://www.gsmarena.com/realme_16_5g-14419.php
Oppo A6c,https://www.gsmarena.com/oppo_a6c-14418.php
Infinix Note Edge,https://www.gsmarena.com/infinix_note_edge_5g-14421.php
Tecno Spark Go 3,https://www.gsmarena.com/tecno_spark_go_3-14420.php
Coolpad C35 Plus,https://www.gsmarena.com/coolpad_c35_plus-14427.php
Ulefone RugKing Pad 2 Pro,https://www.gsmarena.com/ulefone_rugking_pad_2_pro-14424.php
Honor Magic8 RSR Porsche Design,https://www.gsmarena.com/honor_magic8_rsr_porsche_design_5g-14429.php
Lava Blaze Duo 3,https://www.gsmarena.com/lava_blaze_duo_3_5g-14428.php
ZTE nubia RedMagic 11 Air,https://www.gsmarena.com/zte_nubia_redmagic_11_air_5g-14430.php
Motorola Moto G77,https://www.gsmarena.com/motorola_moto_g77_5g-14433.php
Motorola Moto G67,https://www.gsmarena.com/motorola_moto_g67_5g-14434.php
Motorola Edge 70 Fusion,https://www.gsmarena.com/motorola_edge_70_fusion_5g-14432.php
Honor Watch GS 5,https://www.gsmarena.com/honor_watch_gs_5-14431.php
Realme C85 4G,https://www.gsmarena.com/realme_c85-14435.php
Realme Note 70,https://www.gsmarena.com/realme_note_70-14436.php
vivo V70 Elite,https://www.gsmarena.com/vivo_v70_elite_5g-14446.php
vivo iQOO 15 Ultra,https://www.gsmarena.com/vivo_iqoo_15_ultra_5g-14445.php
ZTE Blade V80 Max,https://www.gsmarena.com/zte_blade_v80_max-14449.php
HMD Watch X1,https://www.gsmarena.com/hmd_watch_x1-14447.php
vivo Y31d,https://www.gsmarena.com/vivo_y31d-14450.php
Xiaomi Redmi Turbo 5 Max,https://www.gsmarena.com/xiaomi_redmi_turbo_5_max_5g-14453.php
Xiaomi Redmi Turbo 5,https://www.gsmarena.com/xiaomi_redmi_turbo_5_5g-14454.php
Realme P4 Power,https://www.gsmarena.com/realme_p4_power_5g-14451.php
Motorola Moto G17,https://www.gsmarena.com/motorola_moto_g17-14455.php
Motorola Moto G17 Power,https://www.gsmarena.com/motorola_moto_g17_power-14452.php
Samsung Galaxy S26,https://www.gsmarena.com/samsung_galaxy_s26_5g-14456.php
Samsung Galaxy S26+,https://www.gsmarena.com/samsung_galaxy_s26+_5g-14457.php
Samsung Galaxy F70e,https://www.gsmarena.com/samsung_galaxy_f70e_5g-14459.php
Oppo K14x,https://www.gsmarena.com/oppo_k14x_5g-14458.php
Oukitel RT10 Industry,https://www.gsmarena.com/oukitel_rt10_industry_5g-14462.php
Xiaomi Redmi A7 Pro,https://www.gsmarena.com/xiaomi_redmi_a7_pro-14463.php
TCL K70 Power,https://www.gsmarena.com/tcl_k70_power-14464.php
TCL K70,https://www.gsmarena.com/tcl_k70-14465.php
TCL Tab 10L Gen 4,https://www.gsmarena.com/tcl_tab_10l_gen_4-14466.php
Doogee Anywise W1 Pro,https://www.gsmarena.com/doogee_anywise_w1_pro-14472.php
Google Pixel 10a,https://www.gsmarena.com/google_pixel_10a_5g-14474.php
Ulefone Armor 27T+,https://www.gsmarena.com/ulefone_armor_27t+_5g-14475.php
Doogee Fire 5 Ultra,https://www.gsmarena.com/doogee_fire_5_ultra-14468.php
itel A200+,https://www.gsmarena.com/itel_a200+-14477.php
itel City 200,https://www.gsmarena.com/itel_city_200-14479.php
itel A200,https://www.gsmarena.com/itel_a200-14478.php
vivo iQOO 15R,https://www.gsmarena.com/vivo_iqoo_15r_5g-14483.php
Nokia 110 Power,https://www.gsmarena.com/nokia_110_power-14481.php
HMD Terra M,https://www.gsmarena.com/hmd_terra_m-14480.php
Oukitel C17,https://www.gsmarena.com/oukitel_c17-14482.php
Honor X6d,https://www.gsmarena.com/honor_x6d_5g-14484.php
Lava Yuva Star 3,https://www.gsmarena.com/lava_yuva_star_3-14486.php
Apple iPhone 17e,https://www.gsmarena.com/apple_iphone_17e-14487.php
Honor Pad X8b,https://www.gsmarena.com/honor_pad_x8b-14489.php
Tecno Megapad SE,https://www.gsmarena.com/tecno_megapad_se-14488.php
vivo X300 FE,https://www.gsmarena.com/vivo_x300_fe_5g-14491.php
Realme P4 Lite,https://www.gsmarena.com/realme_p4_lite-14490.php
Doogee Blade 20 Max,https://www.gsmarena.com/doogee_blade_20_max-14496.php
Tecno Camon 50 Pro 4G,https://www.gsmarena.com/tecno_camon_50_pro-14500.php
Infinix Smart 20,https://www.gsmarena.com/infinix_smart_20-14502.php
Tecno Camon 50 4G,https://www.gsmarena.com/tecno_camon_50-14501.php
Infinix GT 50 Pro,https://www.gsmarena.com/infinix_gt_50_pro_5g-14497.php
vivo V70 FE,https://www.gsmarena.com/vivo_v70_fe_5g-14504.php
Infinix Note 60 Pro,https://www.gsmarena.com/infinix_note_60_pro_5g-14499.php
Infinix Note 60,https://www.gsmarena.com/infinix_note_60_5g-14498.php
Nothing Phone (4a),https://www.gsmarena.com/nothing_phone_(4a)_5g-14503.php
vivo V70,https://www.gsmarena.com/vivo_v70_5g-14505.php
vivo Y21d,https://www.gsmarena.com/vivo_y21d-14508.php
Xiaomi Poco X8 Pro Max,https://www.gsmarena.com/xiaomi_poco_x8_pro_max_5g-14507.php
Xiaomi Poco X8 Pro,https://www.gsmarena.com/xiaomi_poco_x8_pro_5g-14506.php
vivo Y05,https://www.gsmarena.com/vivo_y05-14510.php
Honor MagicPad4,https://www.gsmarena.com/honor_magicpad4-14511.php
Oppo Reno15c (India),https://www.gsmarena.com/oppo_reno15c_5g_(india)-14513.php
Huawei Watch GT Runner 2,https://www.gsmarena.com/huawei_watch_gt_runner_2-14514.php
HMD Luma,https://www.gsmarena.com/hmd_luma-14517.php
Realme Narzo Power,https://www.gsmarena.com/realme_narzo_power_5g-14515.php
Xiaomi 17,https://www.gsmarena.com/xiaomi_17_5g-14134.php
Xiaomi Pad 8 Pro,https://www.gsmarena.com/xiaomi_pad_8_pro-14183.php
Honor Magic V6,https://www.gsmarena.com/honor_magic_v6_5g-14518.php
Tecno Camon 50 Ultra,https://www.gsmarena.com/tecno_camon_50_ultra_5g-14519.php
Apple iPad Air 11 (2026),https://www.gsmarena.com/apple_ipad_air_11_5g_(2026)-14520.php
Apple iPad Air 13 (2026),https://www.gsmarena.com/apple_ipad_air_13_5g_(2026)-14521.php
ZTE nubia Neo 5 GT,https://www.gsmarena.com/zte_nubia_neo_5_gt_5g-14524.php
Honor 600 Lite,https://www.gsmarena.com/honor_600_lite_5g-14522.php
ZTE Blade X1001,https://www.gsmarena.com/zte_blade_x1001-14525.php
Oppo A6s Pro,https://www.gsmarena.com/oppo_a6s_pro-14523.php
Infinix Note 60 Ultra,https://www.gsmarena.com/infinix_note_60_ultra_5g-14528.php
TCL K70 SE,https://www.gsmarena.com/tcl_k70_se-14526.php
TCL Tab A1 Plus,https://www.gsmarena.com/tcl_tab_a1_plus-14527.php
Nothing Phone (4a) Pro,https://www.gsmarena.com/nothing_phone_(4a)_pro_5g-14529.php
Realme C83,https://www.gsmarena.com/realme_c83_5g-14532.php
itel Zeno 100,https://www.gsmarena.com/itel_zeno_100-14533.php
vivo iQOO Z11x,https://www.gsmarena.com/vivo_iqoo_z11x_5g-14531.php
Oppo K14,https://www.gsmarena.com/oppo_k14_5g-14530.php
Samsung Galaxy M17e,https://www.gsmarena.com/samsung_galaxy_m17e_5g-14534.php
Xiaomi Poco C85x,https://www.gsmarena.com/xiaomi_poco_c85x_5g-14535.php
Realme Note 80,https://www.gsmarena.com/realme_note_80-14537.php
vivo T5x,https://www.gsmarena.com/vivo_t5x_5g-14536.php
Tecno Camon 50 Pro,https://www.gsmarena.com/tecno_camon_50_pro_5g-14538.php
vivo Y51 Pro,https://www.gsmarena.com/vivo_y51_pro_5g-14539.php
Motorola Edge 70 Fusion+,https://www.gsmarena.com/motorola_edge_70_fusion+_5g-14540.php
Ulefone RugKing 5 Pro,https://www.gsmarena.com/ulefone_rugking_5_pro-14544.php
Oppo A6s (India),https://www.gsmarena.com/oppo_a6s_5g_(india)-14546.php
Realme P4 Lite,https://www.gsmarena.com/realme_p4_lite_5g-14545.php
Oppo Watch X3,https://www.gsmarena.com/oppo_watch_x3-14547.php
Oppo Find X9 Ultra,https://www.gsmarena.com/oppo_find_x9_ultra_5g-14548.php
Lenovo Legion Y700 (Gen 5),https://www.gsmarena.com/lenovo_legion_y700_(gen_5)-14549.php
Huawei Enjoy 90 Pro Max,https://www.gsmarena.com/huawei_enjoy_90_pro_max-14553.php
Huawei Enjoy 90 Plus,https://www.gsmarena.com/huawei_enjoy_90_plus-14554.php
Huawei Mate 80 Pro Max Wind,https://www.gsmarena.com/huawei_mate_80_pro_max_wind_5g-14555.php
Huawei Enjoy 90,https://www.gsmarena.com/huawei_enjoy_90-14556.php
OnePlus Nord 6,https://www.gsmarena.com/oneplus_nord_6_5g-14558.php
vivo X300s,https://www.gsmarena.com/vivo_x300s_5g-14557.php
Oppo K14 Turbo Pro,https://www.gsmarena.com/oppo_k14_turbo_pro_5g-14559.php
Oppo K14 Turbo,https://www.gsmarena.com/oppo_k14_turbo_5g-14560.php
Xiaomi Redmi 15a,https://www.gsmarena.com/xiaomi_redmi_15a_5g-14565.php
vivo iQOO Z11,https://www.gsmarena.com/vivo_iqoo_z11_5g_(china)-14562.php
vivo iQOO Z11x (China),https://www.gsmarena.com/vivo_iqoo_z11x_5g_(china)-14563.php
vivo Y21,https://www.gsmarena.com/vivo_y21_5g-14561.php
vivo Y11,https://www.gsmarena.com/vivo_y11_5g-14564.php
Tecno Spark 50,https://www.gsmarena.com/tecno_spark_50_5g-14566.php
OnePlus Nord CE6 Lite,https://www.gsmarena.com/oneplus_nord_ce6_lite_5g-14567.php
Oppo K15 Pro+,https://www.gsmarena.com/oppo_k15_pro+_5g-14572.php
Xiaomi Redmi Note 15 Special,https://www.gsmarena.com/xiaomi_redmi_note_15_special_edition_5g-14571.php
Oppo K15 Pro,https://www.gsmarena.com/oppo_k15_pro_5g-14573.php
vivo Pad6 Pro,https://www.gsmarena.com/vivo_pad6_pro-14569.php
Lava Bold N2 Pro,https://www.gsmarena.com/lava_bold_n2_pro-14570.php
Lenovo ThinkTab X11 Gen 1,https://www.gsmarena.com/lenovo_thinktab_x11_gen_1-14576.php
Lenovo Idea Tab Pro Gen 2,https://www.gsmarena.com/lenovo_idea_tab_pro_gen_2-14575.php
Honor X80i,https://www.gsmarena.com/honor_x80i_5g-14579.php
Honor Play 80 Pro,https://www.gsmarena.com/honor_play_80_pro_5g-14577.php
Honor Play 80,https://www.gsmarena.com/honor_play_80_5g-14578.php
Motorola Moto G Stylus (2026),https://www.gsmarena.com/motorola_moto_g_stylus_(2026)-14581.php
Huawei Enjoy 90m Plus,https://www.gsmarena.com/huawei_enjoy_90m_plus-14587.php
Realme C100,https://www.gsmarena.com/realme_c100-14586.php
Realme C100 5G,https://www.gsmarena.com/realme_c100_5g-14585.php
Honor X5d Plus,https://www.gsmarena.com/honor_x5d_plus-14584.php
Honor X5d,https://www.gsmarena.com/honor_x5d-14583.php
Motorola Moto Pad (2026),https://www.gsmarena.com/motorola_moto_pad_(2026)-14582.php
Honor Watch X5i,https://www.gsmarena.com/honor_watch_x5i-14580.php
Honor X70 Refresh Edition,https://www.gsmarena.com/honor_x70_refresh_edition-14589.php
Oppo A6s Pro (China),https://www.gsmarena.com/oppo_a6s_pro_5g_(china)-14597.php
ZTE nubia Neo 5 Pro,https://www.gsmarena.com/zte_nubia_neo_5_pro_5g-14594.php
Realme Narzo 100 Lite,https://www.gsmarena.com/realme_narzo_100_lite_5g-14593.php
ZTE nubia Neo 5,https://www.gsmarena.com/zte_nubia_neo_5_5g-14595.php
Trump Mobile T1 Phone,https://www.gsmarena.com/_trump_mobile_t1_phone-13958.php
Oppo F33 Pro,https://www.gsmarena.com/oppo_f33_pro_5g-14601.php
Oppo F33,https://www.gsmarena.com/oppo_f33_5g-14602.php
Xiaomi Redmi R70,https://www.gsmarena.com/xiaomi_redmi_r70_5g-14598.php
vivo T5 Pro,https://www.gsmarena.com/vivo_t5_pro_5g-14599.php
Xiaomi Redmi R70m,https://www.gsmarena.com/xiaomi_redmi_r70m_5g-14600.php
Honor 600,https://www.gsmarena.com/honor_600_5g-14605.php
Honor 600 Pro,https://www.gsmarena.com/honor_600_pro_5g-14604.php
Samsung Galaxy A27,https://www.gsmarena.com/samsung_galaxy_a27_5g-14606.php
Huawei Pura X Max,https://www.gsmarena.com/huawei_pura_x_max_5g-14607.php
Huawei Pura 90 Pro Max,https://www.gsmarena.com/huawei_pura_90_pro_max_5g-14609.php
Huawei Pura 90 Pro,https://www.gsmarena.com/huawei_pura_90_pro_5g-14610.php
Huawei Pura 90,https://www.gsmarena.com/huawei_pura_90_5g-14612.php
Tecno Pop X,https://www.gsmarena.com/tecno_pop_x_5g-14608.php
Oppo Find X9s Pro,https://www.gsmarena.com/oppo_find_x9s_pro-14592.php
Huawei Watch Fit 5 Pro,https://www.gsmarena.com/huawei_watch_fit_5_pro-14614.php
Huawei Watch Fit 5,https://www.gsmarena.com/huawei_watch_fit_5-14613.php
Oppo Find X9s,https://www.gsmarena.com/oppo_find_x9s-14617.php
Motorola Edge 70 Pro,https://www.gsmarena.com/motorola_edge_70_pro_5g-14620.php
Xiaomi Redmi A7,https://www.gsmarena.com/xiaomi_redmi_a7-14623.php
Oppo Find X9s,https://www.gsmarena.com/oppo_find_x9s_5g-14617.php
Xiaomi Poco M8s,https://www.gsmarena.com/xiaomi_poco_m8s_5g-14615.php
Xiaomi Poco C81,https://www.gsmarena.com/xiaomi_poco_c81-14626.php
Xiaomi Poco C81x,https://www.gsmarena.com/xiaomi_poco_c81x-14627.php
Honor MagicPad 3 Pro 12.3,https://www.gsmarena.com/honor_magicpad_3_pro_12_3-14629.php
Realme C100x,https://www.gsmarena.com/realme_c100x-14628.php
OnePlus Pad 4,https://www.gsmarena.com/oneplus_pad_4-14630.php
Xiaomi Poco C81 Pro,https://www.gsmarena.com/xiaomi_poco_c81_pro-14635.php
vivo Y600 Pro,https://www.gsmarena.com/vivo_y600_pro_5g_(china)-14634.php
vivo Y500s,https://www.gsmarena.com/vivo_y500s_5g-14631.php
OnePlus Ace 6 Ultra,https://www.gsmarena.com/oneplus_ace_6_ultra_5g-14637.php
Motorola Razr Ultra 2026,https://www.gsmarena.com/motorola_razr_ultra_2026-14638.php
Motorola Razr+ 2026,https://www.gsmarena.com/motorola_razr+_2026-14639.php
Motorola Razr 2026,https://www.gsmarena.com/motorola_razr_2026-14640.php
Motorola Moto G87,https://www.gsmarena.com/motorola_moto_g87_5g-14644.php
Motorola Moto G47,https://www.gsmarena.com/motorola_moto_g47-14645.php
Motorola Moto G37,https://www.gsmarena.com/motorola_moto_g37-14646.php
Motorola Moto G37 Power,https://www.gsmarena.com/motorola_moto_g37_power-14647.php
vivo Y6t,https://www.gsmarena.com/vivo_y6t_5g-14649.php
RugOne Xever 8,https://www.gsmarena.com/rugone_xever_8-14648.php
Xiaomi 17T Pro,https://www.gsmarena.com/xiaomi_17t_pro_5g-14651.php
vivo iQOO Z11,https://www.gsmarena.com/vivo_iqoo_z11_5g-14654.php
Xiaomi 17T,https://www.gsmarena.com/xiaomi_17t_5g-14652.php
Realme C100i,https://www.gsmarena.com/realme_c100i-14655.php
Honor Play 70C,https://www.gsmarena.com/honor_play_70c-14653.php
Honor Play 80 Plus,https://www.gsmarena.com/honor_play_80_plus_5g-14650.php
Huawei nova 15 Max,https://www.gsmarena.com/huawei_nova_15_max-14656.php
Huawei Watch Ultimate Design Spring,https://www.gsmarena.com/huawei_watch_ultimate_design_spring-14657.php
OnePlus Nord CE6,https://www.gsmarena.com/oneplus_nord_ce6_5g-14611.php
Huawei MatePad Pro Max,https://www.gsmarena.com/huawei_matepad_pro_max-14658.php
Acer Iconia iM11-22M5G,https://www.gsmarena.com/acer_iconia_im11_22m5g-14659.php
vivo iQOO 15T,https://www.gsmarena.com/vivo_iqoo_15t_5g-14661.php
Xiaomi Redmi K90 Max,https://www.gsmarena.com/xiaomi_redmi_k90_max_5g-14618.php
Honor Play11 Plus,https://www.gsmarena.com/honor_play11_plus_5g-14662.php
Tecno Pop X 4G,https://www.gsmarena.com/tecno_pop_x-14665.php
Honor Pad 20,https://www.gsmarena.com/honor_pad_20-14663.php
Huawei Watch Buds 2,https://www.gsmarena.com/huawei_watch_buds_2-14664.php
Sony Xperia 1 VIII,https://www.gsmarena.com/sony_xperia_1_viii_5g-14660.php
Lenovo Legion Y70 (2026),https://www.gsmarena.com/lenovo_legion_y70_5g_(2026)-14666.php
Xiaomi 17 Max,https://www.gsmarena.com/xiaomi_17_max_5g-14667.php
HMD Vibe 2,https://www.gsmarena.com/hmd_vibe_2_5g-14668.php
ZTE nubia RedMagic 11S Pro,https://www.gsmarena.com/zte_nubia_redmagic_11s_pro_5g-14669.php
ZTE nubia RedMagic 11S Pro (China),https://www.gsmarena.com/zte_nubia_redmagic_11s_pro_5g_(china)-14670.php
ZTE nubia RedMagic 11S Pro+,https://www.gsmarena.com/zte_nubia_redmagic_11s_pro+_5g-14671.php
Samsung Galaxy Z Fold Wide,https://www.gsmarena.com/samsung_galaxy_z_fold_wide_5g-14673.php
OnePlus Ace 7,https://www.gsmarena.com/oneplus_ace_7_5g-14672.php
Realme 16T,https://www.gsmarena.com/realme_16t_5g-14674.php
Oppo Reno16 Pro (China),https://www.gsmarena.com/oppo_reno16_pro_5g_(china)-14675.php
Oppo Reno16 (China),https://www.gsmarena.com/oppo_reno16_5g_(china)-14676.php
Honor X7e,https://www.gsmarena.com/honor_x7e-14677.php
itel A100 Pro,https://www.gsmarena.com/itel_a100_pro-14678.php
Honor 600 Pro (China),https://www.gsmarena.com/honor_600_pro_5g_(china)-14680.php
vivo iQOO Pad6 Pro,https://www.gsmarena.com/vivo_iqoo_pad6_pro-14679.php
Infinix Hot 70,https://www.gsmarena.com/infinix_hot_70-14683.php
Xiaomi Poco Pad C1,https://www.gsmarena.com/xiaomi_poco_pad_c1-14682.php
Honor 600 (China),https://www.gsmarena.com/honor_600_5g_(china)-14681.php
Realme Watch S5,https://www.gsmarena.com/realme_watch_s5-14686.php
Honor Win Turbo,https://www.gsmarena.com/honor_win_turbo_5g-14684.php
Ulefone Note 22,https://www.gsmarena.com/ulefone_note_22-14685.php
vivo Y600 Turbo,https://www.gsmarena.com/vivo_y600_turbo_5g-14687.php
Honor 600e,https://www.gsmarena.com/honor_600e_5g-14688.php
Honor 500 Smart,https://www.gsmarena.com/honor_500_smart_5g-14689.php
Oppo Pad 6,https://www.gsmarena.com/oppo_pad_6-14690.php
vivo S60,https://www.gsmarena.com/vivo_s60_5g-14692.php
vivo S60 Vitality,https://www.gsmarena.com/vivo_s60_vitality_5g-14693.php
Lava Shark 2,https://www.gsmarena.com/lava_shark_2_5g-14691.php
Ulefone Tab A12 Pro,https://www.gsmarena.com/ulefone_tab_a12_pro-14695.php
Xiaomi Watch S5,https://www.gsmarena.com/xiaomi_watch_s5-14696.php
vivo T5,https://www.gsmarena.com/vivo_t5-14697.php
Ulefone Armor Mini 5,https://www.gsmarena.com/ulefone_armor_mini_5-14694.php
Huawei nova 16 Ultra,https://www.gsmarena.com/huawei_nova_16_ultra_5g-14698.php
Huawei nova 16 Pro,https://www.gsmarena.com/huawei_nova_16_pro_5g-14699.php
Motorola Edge 70 Pro+,https://www.gsmarena.com/motorola_edge_70_pro+_5g-14702.php
Huawei nova 16,https://www.gsmarena.com/huawei_nova_16_5g-14700.php
Huawei nova 16z,https://www.gsmarena.com/huawei_nova_16z_5g-14701.php
Huawei nova Y74,https://www.gsmarena.com/huawei_nova_y74-14703.php
Motorola Edge (2026),https://www.gsmarena.com/motorola_edge_5g_(2026)-14705.php
Wiko X70,https://www.gsmarena.com/wiko_x70_5g-14704.php
Realme P4R,https://www.gsmarena.com/realme_p4r_5g-14706.php
Acer Iconia Duo S14,https://www.gsmarena.com/acer_iconia_duo_s14-14707.php
Acer Iconia Duo S12,https://www.gsmarena.com/acer_iconia_duo_s12-14708.php
Acer Iconia Duo D12,https://www.gsmarena.com/acer_iconia_duo_d12-14709.php
OnePlus Turbo 6X Pro,https://www.gsmarena.com/oneplus_turbo_6x_pro_5g-14711.php
vivo V70 Lite,https://www.gsmarena.com/vivo_v70_lite_5g-14710.php
OnePlus Turbo 6X,https://www.gsmarena.com/oneplus_turbo_6x_5g-14712.php
Tecno Pova 8,https://www.gsmarena.com/tecno_pova_8_5g-14714.php
Honor Play10,https://www.gsmarena.com/honor_play10_5g-14713.php
Xiaomi Redmi K100 Pro,https://www.gsmarena.com/xiaomi_redmi_k100_pro_5g-14715.php
Apple iPhone 18 Pro Max,https://www.gsmarena.com/apple_iphone_18_pro_max_5g-14716.php
HTC Wildfire E7 Plus,https://www.gsmarena.com/htc_wildfire_e7_plus-14717.php
Honor X80 Pro Max,https://www.gsmarena.com/honor_x80_pro_max_5g-14718.php
Oukitel C62 GT,https://www.gsmarena.com/oukitel_c62_gt-14720.php
Motorola Moto G Max,https://www.gsmarena.com/motorola_moto_g_max_5g-14724.php
Honor X70 Pro Max,https://www.gsmarena.com/honor_x70_pro_max_5g-14729.php
Tecno Spark 50 Pro,https://www.gsmarena.com/tecno_spark_50_pro-14728.php
Cubot KingKong ES5,https://www.gsmarena.com/cubot_kingkong_es5-14732.php
Lenovo Tab Plus Gen 2,https://www.gsmarena.com/lenovo_tab_plus_gen_2-14733.php
Doogee V Max 2,https://www.gsmarena.com/doogee_v_max_2_5g-14735.php
Honor Watch 6,https://www.gsmarena.com/honor_watch_6-14737.php
vivo T5 Lite,https://www.gsmarena.com/vivo_t5_lite_5g-14734.php
Sharp Aquos R11,https://www.gsmarena.com/sharp_aquos_r11_5g-14740.php
Honor 600 Smart,https://www.gsmarena.com/honor_600_smart_5g-14738.php
OnePlus Pad 3 Pro,https://www.gsmarena.com/oneplus_pad_3_pro-14739.php
Realme P4x 4G,https://www.gsmarena.com/realme_p4x-14744.php
Tecno Camon Slim,https://www.gsmarena.com/tecno_camon_slim-14745.php
Samsung Galaxy M47,https://www.gsmarena.com/samsung_galaxy_m47_5g-14749.php
Xiaomi Redmi 17C,https://www.gsmarena.com/xiaomi_redmi_17c_(china)-14750.php
vivo X Fold6,https://www.gsmarena.com/vivo_x_fold6_5g-14748.php
Oppo Reno16 Pro,https://www.gsmarena.com/oppo_reno16_pro_5g-14746.php
Oppo Reno16,https://www.gsmarena.com/oppo_reno16_5g-14747.php
Oppo Reno16 FS,https://www.gsmarena.com/oppo_reno16_fs_5g-14752.php
Oppo Reno16 F,https://www.gsmarena.com/oppo_reno16_f_5g-14751.php
ZTE nubia Air Pro,https://www.gsmarena.com/zte_nubia_air_pro_5g-14754.php
Lava Smart 4 Plus,https://www.gsmarena.com/lava_smart_4_plus-14753.php
Xiaomi Redmi K90 Ultra,https://www.gsmarena.com/xiaomi_redmi_k90_ultra_5g-14757.php
Motorola Moto Pad 70 Pro,https://www.gsmarena.com/motorola_moto_pad_70_pro-14756.php
OnePlus N6,https://www.gsmarena.com/oneplus_n6-14760.php
ZTE RedMagic Astra 2,https://www.gsmarena.com/zte_redmagic_gaming_tablet_5_pro-14762.php
vivo IQOO Pad5c,https://www.gsmarena.com/vivo_iqoo_pad5c-14763.php
Oppo Reno16c,https://www.gsmarena.com/oppo_reno16c_5g-14768.php
Motorola Moto G77 Power,https://www.gsmarena.com/motorola_moto_g77_power_5g-14772.php
Nokia 235 4G (2026),https://www.gsmarena.com/nokia_235_4g_2nd_edition-14773.php
vivo iQOO Z11i,https://www.gsmarena.com/vivo_iqoo_z11i_5g-14771.php
Nokia 215 4G (2026),https://www.gsmarena.com/nokia_215_4g_2nd_edition-14774.php
Nokia 210 4G,https://www.gsmarena.com/nokia_210_4g-14775.php
Nokia 200 4G,https://www.gsmarena.com/nokia_200_4g-14776.php
Lenovo Legion Y900 13,https://www.gsmarena.com/lenovo_legion_y900_13-14778.php
Lenovo Legion Y900 11,https://www.gsmarena.com/lenovo_legion_y900_11-14779.php
Nothing Phone (4b),https://www.gsmarena.com/nothing_phone_(4b)_5g-14781.php
vivo Y500,https://www.gsmarena.com/vivo_y500-14780.php
vivo X500 Pro Max,https://www.gsmarena.com/vivo_x500_pro_max_5g-14782.php
Blackview Rock 5,https://www.gsmarena.com/blackview_rock_5-14786.php
Realme Narzo 100x,https://www.gsmarena.com/realme_narzo_100x_5g-14787.php
HMD Arc 2,https://www.gsmarena.com/hmd_arc_2-14788.php
Motorola Edge 70 Max,https://www.gsmarena.com/motorola_edge_70_max_5g-14789.php
Xiaomi Redmi Note 17 Pro (China),https://www.gsmarena.com/xiaomi_redmi_note_17_pro_5g_(china)-14797.php
Google Pixel 11 Pro XL,https://www.gsmarena.com/google_pixel_11_pro_xl_5g-14800.php
Huawei Pura 90s Pro Max,https://www.gsmarena.com/huawei_pura_90s_pro_max_5g-14794.php
Xiaomi Redmi Note 17 (China),https://www.gsmarena.com/xiaomi_redmi_note_17_5g_(china)-14798.php
Huawei Pura 90s Pro,https://www.gsmarena.com/huawei_pura_90s_pro_5g-14795.php
Huawei MatePad Air (2026),https://www.gsmarena.com/huawei_matepad_air_(2026)-14796.php
Google Pixel 11,https://www.gsmarena.com/google_pixel_11_5g-14799.php
Samsung Galaxy Z Flip8,https://www.gsmarena.com/samsung_galaxy_z_flip8_5g-14803.php
Infinix Hot 70 Pro,https://www.gsmarena.com/infinix_hot_70_pro_5g-14806.php
Xiaomi Redmi 17 4G,https://www.gsmarena.com/xiaomi_redmi_17-14807.php
Samsung Galaxy Z Fold8 Ultra,https://www.gsmarena.com/samsung_galaxy_z_fold8_ultra_5g-14802.php
Asus Pad (T3201),https://www.gsmarena.com/asus_pad_(t3201)-14812.php
Samsung Galaxy Tab S12 Ultra,https://www.gsmarena.com/samsung_galaxy_tab_s12_ultra_5g-14811.php
Oppo K15,https://www.gsmarena.com/oppo_k15_5g-14810.php
vivo iQOO Z11 Lite,https://www.gsmarena.com/vivo_iqoo_z11_lite_5g-14809.php
Samsung Galaxy Watch Ultra2,https://www.gsmarena.com/samsung_galaxy_watch_ultra2-14805.php
itel Power 80,https://www.gsmarena.com/itel_power_80-14814.php
Samsung Galaxy Watch9,https://www.gsmarena.com/samsung_galaxy_watch9-14813.php
Honor Watch 6 Plus,https://www.gsmarena.com/honor_watch_6_plus-14817.php
itel A100Cs,https://www.gsmarena.com/itel_a100cs-14816.php
itel City 200s,https://www.gsmarena.com/itel_city_200s-14815.php
Google Pixel 11a,https://www.gsmarena.com/google_pixel_11a_5g-14819.php
Nokia 123 Shield,https://www.gsmarena.com/nokia_123_shield-14818.php
Xiaomi Redmi Watch 6 Active,https://www.gsmarena.com/xiaomi_redmi_watch_6_active-14820.php
Xiaomi Redmi Watch 6 Lite,https://www.gsmarena.com/xiaomi_redmi_watch_6_lite-14821.php
Oukitel C17 Plus,https://www.gsmarena.com/oukitel_c17_plus-14823.php
Ulefone Note 23,https://www.gsmarena.com/ulefone_note_23-14825.php
Honor Robot Phone,https://www.gsmarena.com/honor_robot_phone_5g-14827.php
vivo X300 E,https://www.gsmarena.com/vivo_x300_e_5g-14826.php
Oppo A7 Pro Max,https://www.gsmarena.com/oppo_a7_pro_max_5g-14828.php
Xiaomi Poco M8 Power,https://www.gsmarena.com/xiaomi_poco_m8_power_5g-14804.php
Honor X7e Plus,https://www.gsmarena.com/honor_x7e_plus_5g-14834.php
HMD Asha 305 Lite,https://www.gsmarena.com/hmd_asha_305_lite-14832.php
Coolpad C35c,https://www.gsmarena.com/coolpad_c35c-14833.php
vivo T5e,https://www.gsmarena.com/vivo_t5e-14829.php
Lava Virat V1,https://www.gsmarena.com/lava_virat_v1_5g-14831.php
vivo S2,https://www.gsmarena.com/vivo_s2_5g-14839.php
Xiaomi Redmi Note 17 Pro Max,https://www.gsmarena.com/xiaomi_redmi_note_17_pro_max_5g-14845.php
Xiaomi Redmi Note 17 Pro,https://www.gsmarena.com/xiaomi_redmi_note_17_pro_5g-14844.php
Xiaomi Redmi Note 17,https://www.gsmarena.com/xiaomi_redmi_note_17_5g-14846.php
Xiaomi Redmi Note 17 4G,https://www.gsmarena.com/xiaomi_redmi_note_17-14847.php
Honor X6e,https://www.gsmarena.com/honor_x6e-14843.php
Motorola Moto Pad 70 Groove,https://www.gsmarena.com/motorola_moto_pad_70_groove-14853.php
OnePlus N6x,https://www.gsmarena.com/oneplus_n6x-14849.php
Samsung Galaxy F70 Pro,https://www.gsmarena.com/samsung_galaxy_f70_pro_5g-14856.php
Blackview Xplore 6,https://www.gsmarena.com/blackview_xplore_6_5g-14857.php
Huawei nova 16 SE,https://www.gsmarena.com/huawei_nova_16_se-14861.php
TCL Tab A1 Plus NxtPaper,https://www.gsmarena.com/tcl_tab_a1_plus_nxtpaper-14862.php
Google Pixel Watch 5,https://www.gsmarena.com/google_pixel_watch_5-14860.php
Oppo F35 Pro,https://www.gsmarena.com/oppo_f35_pro_5g-14859.php
Huawei MatePad Pro 12 (2026),https://www.gsmarena.com/huawei_matepad_pro_12_(2026)-14864.php
Xiaomi Redmi K100 Pro Max,https://www.gsmarena.com/xiaomi_redmi_k100_pro_max_5g-14865.php
vivo V80 Lite,https://www.gsmarena.com/vivo_v80_lite_5g-14863.php
Xiaomi Redmi 17C,https://www.gsmarena.com/xiaomi_redmi_17c_5g-14866.php
TCL P80 Pro,https://www.gsmarena.com/tcl_p80_pro_5g-14867.php
TCL P80,https://www.gsmarena.com/tcl_p80_5g-14868.php
Xiaomi Redmi 17,https://www.gsmarena.com/xiaomi_redmi_17_5g-14869.php
Samsung Galaxy S26 FE,https://www.gsmarena.com/samsung_galaxy_s26_fe_5g-14870.php
Realme 16x,https://www.gsmarena.com/realme_16x_5g-14871.php
Huawei Watch GT 7 Pro,https://www.gsmarena.com/huawei_watch_gt_7_pro-14872.php
Huawei Watch GT 7,https://www.gsmarena.com/huawei_watch_gt_7-14873.php
Tecno Pova 8 Pro,https://www.gsmarena.com/tecno_pova_8_pro_5g-14875.php
Google Pixel 11 Pro,https://www.gsmarena.com/google_pixel_11_pro_5g-14801.php
Google Pixel 11 Pro Fold,https://www.gsmarena.com/google_pixel_11_pro_fold-14874.php
Xiaomi Poco F9 Ultra,https://www.gsmarena.com/xiaomi_poco_f9_ultra_5g-14876.php
Xiaomi Poco F9 Pro,https://www.gsmarena.com/xiaomi_poco_f9_pro_5g-14877.php
vivo iQOO Z11S,https://www.gsmarena.com/vivo_iqoo_z11s_5g_(china)-14880.php
vivo iQOO Neo11 Ultra,https://www.gsmarena.com/vivo_iqoo_neo11_ultra_5g-14878.php
Xiaomi Poco M8x,https://www.gsmarena.com/xiaomi_poco_m8x_5g-14879.php
Honor Turbo,https://www.gsmarena.com/honor_turbo_5g-14881.php
Xiaomi Redmi M100,https://www.gsmarena.com/xiaomi_redmi_m100_5g-14882.php
Realme P4s,https://www.gsmarena.com/realme_p4s_5g-14885.php
vivo Y31t,https://www.gsmarena.com/vivo_y31t_5g-14884.php
Fairphone 6+,https://www.gsmarena.com/fairphone_6+_5g-14883.php
Huawei Pura X View,https://www.gsmarena.com/huawei_pura_x_view-14887.php
vivo iQOO Z11 (India),https://www.gsmarena.com/vivo_iqoo_z11_5g_(india)-14886.php
Motorola Moto Pad 70,https://www.gsmarena.com/motorola_moto_pad_70-14888.php
Honor Pad 20 Pro,https://www.gsmarena.com/honor_pad_20_pro-14889.php
vivo V80 Lite,https://www.gsmarena.com/vivo_v80_lite_5g-14892.php
Nokia 300 Charge,https://www.gsmarena.com/nokia_300_charge-14895.php
Honor Play20A,https://www.gsmarena.com/honor_play20a-14897.php
Honor X7e Plus 4G,https://www.gsmarena.com/honor_x7e_plus-14896.php
vivo V70 Lite 4G,https://www.gsmarena.com/vivo_v70_lite-14898.php
Sony Xperia 10 VIII,https://www.gsmarena.com/sony_xperia_10_viii_5g-14894.php
vivo T5,https://www.gsmarena.com/vivo_t5_5g-14899.php
Lava Virat V1 Pro,https://www.gsmarena.com/lava_virat_v1_pro_5g-14901.php
ZTE nubia Neo 5 Max,https://www.gsmarena.com/zte_nubia_neo_5_max_5g-14903.php
Realme C100i (India),https://www.gsmarena.com/realme_c100i_(india)-14900.php
vivo V80 Lite (IN/PK),https://www.gsmarena.com/vivo_v80_lite_5g_(india)-14863.php
Lava Smart 4,https://www.gsmarena.com/lava_smart_4-14902.php
Tecno Spark Go 3 Pro,https://www.gsmarena.com/tecno_spark_go_3_pro-14905.php
Lenovo Legion Y700 AI,https://www.gsmarena.com/lenovo_legion_y700_ai_5g-14904.php
ZTE nubia A77,https://www.gsmarena.com/zte_nubia_a77_5g-14908.php
ZTE nubia A77 4G,https://www.gsmarena.com/zte_nubia_a77-14909.php
Xiaomi Poco X8 Power,https://www.gsmarena.com/xiaomi_poco_x8_power_5g-14912.php
Xiaomi Poco X8,https://www.gsmarena.com/xiaomi_poco_x8_5g-14911.php
ZTE nubia A57,https://www.gsmarena.com/zte_nubia_a57-14910.php
Huawei nova 16s Pro,https://www.gsmarena.com/huawei_nova_16s_pro_5g-14922.php
Huawei nova 16s,https://www.gsmarena.com/huawei_nova_16s_5g-14923.php
Tecno Camon Slim,https://www.gsmarena.com/tecno_camon_slim_5g-14918.php
Tecno Camon Air,https://www.gsmarena.com/tecno_camon_air-14919.php
Motorola Edge 70 Plus,https://www.gsmarena.com/motorola_edge_70_plus_5g-14920.php
Motorola Watch Ultra,https://www.gsmarena.com/motorola_watch_ultra-14921.php
TCL P80 Ultra,https://www.gsmarena.com/tcl_p80_ultra_5g-14927.php
Huawei Watch 6 Pro,https://www.gsmarena.com/huawei_watch_6_pro-14925.php
Huawei Watch D3,https://www.gsmarena.com/huawei_watch_d3-14926.php
Huawei Watch 6,https://www.gsmarena.com/huawei_watch_6-14924.php
Oppo A7 Pro,https://www.gsmarena.com/oppo_a7_pro_5g-14928.php
Huawei Mate XT 2 Ultimate,https://www.gsmarena.com/huawei_mate_xt_2_ultimate_5g-14929.php
Infinix Xpad 30 Pro,https://www.gsmarena.com/infinix_xpad_30_pro-14913.php
Samsung Galaxy A07s,https://www.gsmarena.com/samsung_galaxy_a07s-14930.php
Xiaomi 18 Fold,https://www.gsmarena.com/xiaomi_18_fold_5g-14931.php
Xiaomi Pad 9 Pro Max,https://www.gsmarena.com/xiaomi_pad_9_pro_max-14932.php
Xiaomi Poco C95 Pro,https://www.gsmarena.com/xiaomi_poco_c95_pro-14933.php
Apple iPhone 18 Pro,https://www.gsmarena.com/apple_iphone_18_pro_5g-14934.php
Apple Watch Ultra 4,https://www.gsmarena.com/apple_watch_ultra_4-14935.php
Apple iPhone Duo,https://www.gsmarena.com/apple_iphone_duo_fold_5g-13804.php
Apple iPhone Duo,https://www.gsmarena.com/apple_iphone_duo_fold-13804.php
Apple iPhone 18 Pro,https://www.gsmarena.com/apple_iphone_18_pro-14934.php
Apple iPhone 18 Pro Max,https://www.gsmarena.com/apple_iphone_18_pro_max-14716.php
Apple Watch Series 12 Aluminum,https://www.gsmarena.com/apple_watch_series_12_aluminum-14936.php
